From,To,Employer,LaborOrganization
1/18/2022,0, Oakland Unified School District, California Teachers Association - NEA
1/18/2022,0, Oakland Unified School District, California Teachers Association - NEA
1/18/2022,0, Oakland Unified School District, California Teachers Association - NEA
1/18/2022,1/18/2022, City of Virginia Beach," United Electrical, Radio & Machine Workers of America (UE)"
1/18/2022,1/18/2022,NA, Communications Workers of America (CWA)
1/17/2022,1/17/2022, Kaiser Permanente, National Union of Healthcare Workers (NUHW)
1/17/2022,1/17/2022, Kaiser Permanente, National Union of Healthcare Workers (NUHW)
1/17/2022,1/17/2022, Gundersen Health System, Service Employees International Union (SEIU)
1/17/2022,1/17/2022, Mercy Health in Muskegon, Service Employees International Union (SEIU)
1/17/2022,1/17/2022, Minneapolis Public School District, Minneapolis Federation of Teachers and Educational Support Professionals (MFT)
1/17/2022,1/17/2022, United Parcel Service (UPS), Teamsters (IBT)
1/15/2022,1/15/2022, Whole Foods Market,NA
1/15/2022,1/15/2022, Noah's NY Bagels,NA
1/14/2022,1/14/2022, Chief Sealth International High School - Seattle Public Schools, Washington Education Association - NEA
1/13/2022,0, Oakland Unified School District, California Teachers Association - NEA
1/12/2022,1/13/2022, Frick United Academy of Language - Oakland Unified School District, California Teachers Association - NEA
1/12/2022,1/12/2022, East Baton Rouge Parish Public Schools, Louisiana Association of Educators - NEA
1/12/2022,1/21/2022, King Soopers - Kroger, United Food and Commercial Workers (UFCW)
1/12/2022,1/21/2022, King Soopers - Kroger, United Food and Commercial Workers (UFCW)
1/12/2022,1/21/2022, King Soopers - Kroger, United Food and Commercial Workers (UFCW)
1/12/2022,1/21/2022, King Soopers - Kroger, United Food and Commercial Workers (UFCW)
1/12/2022,1/21/2022, King Soopers - Kroger, United Food and Commercial Workers (UFCW)
1/12/2022,1/21/2022, King Soopers - Kroger, United Food and Commercial Workers (UFCW)
1/12/2022,1/21/2022, King Soopers - Kroger, United Food and Commercial Workers (UFCW)
1/12/2022,1/21/2022, King Soopers - Kroger, United Food and Commercial Workers (UFCW)
1/12/2022,1/12/2022,NA, Fight for 15 - SEIU
1/11/2022,0, West Contra Costa Unified School District, California Teachers Association - NEA
1/11/2022,0, West Contra Costa Unified School District, California Teachers Association - NEA
1/10/2022,1/10/2022, Durham Public Schools,NA
1/9/2022,1/9/2022, Acme Food & Beverage Company,NA
1/8/2022,1/8/2022, City of Portland, District Council of Trade Unions (DCTU)
1/8/2022,1/8/2022, Via 313 Pizza,NA
1/7/2022,1/7/2022, Oakland Unified School District, California Teachers Association - NEA
1/6/2022,1/6/2022, San Francisco Unified School District, California Federation of Teachers - AFT; California Teachers Association - NEA
1/5/2022,1/9/2022, Starbucks, Workers United - SEIU
1/5/2022,0, Alfred-Almond Central School District, CSEA - AFSCME
1/5/2022,1/5/2022, Coffee Tree Roasters, United Food and Commercial Workers (UFCW)
1/5/2022,1/5/2022, Mcdonald's, Fight for 15 - SEIU
1/5/2022,0, Chicago Public Schools, American Federation of Teachers (AFT)
1/4/2022,1/4/2022, Charles O. Dewey Middle School 136 - New York City Department of Education, United Federation of Teachers - AFT
1/2/2022,0, Portland Pie Company,NA
1/1/2022,1/1/2022, Cosmopolis Volunteer Fire Association (CVFA),NA
12/28/2021,12/28/2021, Ramsey County," American Federation of State, County and Municipal Employees (AFSCME)"
12/24/2021,12/24/2021, Apple, Apple Together
12/22/2021,12/22/2021, Amazon, Amazonians United (AU)
12/22/2021,12/22/2021, Amazon, Amazonians United (AU)
12/22/2021,12/22/2021, Amazon, Amazon Labor Union
12/22/2021,12/22/2021, Alhambra Hospital Medical Center , California Nurses Association - NNU
12/21/2021,12/21/2021, United Parcel Service (UPS), Teamsters (IBT)
12/20/2021,0, Shred it - Stericycle, Teamsters (IBT)
12/20/2021,12/20/2021, Olney Charter High School, AFT Pennsylvania
12/17/2021,12/17/2021, Fred Meyer - Kroger, United Food and Commercial Workers (UFCW)
12/17/2021,12/17/2021, Fred Meyer - Kroger, United Food and Commercial Workers (UFCW)
12/17/2021,12/17/2021, Fred Meyer - Kroger, United Food and Commercial Workers (UFCW)
12/17/2021,12/17/2021, Fred Meyer - Kroger, United Food and Commercial Workers (UFCW)
12/17/2021,12/17/2021, Fred Meyer - Kroger, United Food and Commercial Workers (UFCW)
12/17/2021,12/17/2021, Fred Meyer - Kroger, United Food and Commercial Workers (UFCW)
12/17/2021,1/17/2022, Republic Services, Teamsters (IBT)
12/17/2021,1/17/2022, Republic Services, Teamsters (IBT)
12/17/2021,1/17/2022, Republic Services, Teamsters (IBT)
12/17/2021,1/17/2022, Republic Services, Teamsters (IBT)
12/17/2021,1/17/2022, Republic Services, Teamsters (IBT)
12/17/2021,1/17/2022, Republic Services, Teamsters (IBT)
12/16/2021,12/17/2021, Seattle Public Schools, Washington Education Association - NEA
12/16/2021,12/17/2021, Seattle Public Schools, Washington Education Association - NEA
12/16/2021,12/16/2021, Newport News Shipbuilding - Huntington Ingalls Industries, United Steelworkers (USW)
12/15/2021,12/15/2021, FCI Danbury, American Federation of Government Employees (AFGE)
12/14/2021,12/14/2021, City of Memphis - Solid Waste Management Department,NA
12/14/2021,12/14/2021,NA, NY Caring Majority
12/13/2021,0, Chesterfield County School District,NA
12/13/2021,12/13/2021, Dollar Tree,NA
12/12/2021,12/12/2021, Spruce Confections," Bakery, Confectionery, Tobacco and Grain Millers Union (BCTGM)"
12/11/2021,12/11/2021, Chicago Transit Authority, Amalgamated Transit Union (ATU)
12/10/2021,12/10/2021, Cornell University, Cornell Graduate Students United - AFT
12/10/2021,12/10/2021,NA, Fund Excluded Workers Coalition (FEW)
12/9/2021,12/9/2021, First Student, Teamsters (IBT)
12/9/2021,12/16/2021, Republic Services, Teamsters (IBT)
12/9/2021,12/16/2021, Republic Services, Teamsters (IBT)
12/9/2021,12/9/2021, Kentucky Fried Chicken, Fight For 15 - SEIU
12/8/2021,12/8/2021, Portland Community College, Portland Community College Federation of Faculty and Academic Professionals (PCCFFAP)
12/8/2021,12/8/2021, High Tech Middle, High Tech Education Collective
12/6/2021,12/6/2021, United States Postal Service (USPS), United Postal Workers Union
12/6/2021,1/22/2022, Raven Software - Activision Blizzard, Activision Blizzard Workers Alliance
12/6/2021,1/22/2022, Raven Software - Activision Blizzard, Activision Blizzard Workers Alliance
12/6/2021,1/22/2022, Raven Software - Activision Blizzard, Activision Blizzard Workers Alliance
12/6/2021,1/15/2022, ABARTA Coca-Cola Beverages , Teamsters (IBT)
12/6/2021,12/10/2021, McKenzie-Willamette Medical Center, Service Employees International Union (SEIU)
12/6/2021,0, Nefarious Film LLC, International Alliance of Theatrical Stage Employees (IATSE)
12/6/2021,12/26/2021, Daily Hampshire Gazette - Newspapers of New England, Pioneer Valley News Guild - CWA
12/4/2021,12/4/2021, AC Transit, Amalgamated Transit Union (ATU)
12/4/2021,12/4/2021, The Colonial Williamsburg Foundation, UNITE HERE
12/3/2021,12/3/2021, University of New Mexico, Communication Workers of America (CWA)
12/2/2021,12/2/2021, BuzzFeed News, The NewsGuild - CWA
12/2/2021,12/2/2021, Longmont United Hospital - Centura Health, National Nurses United (NNU)
12/2/2021,12/2/2021, Durham School Services, Teamsters (IBT)
12/1/2021,12/2/2021, Campbell Hall Rehabilitation Center, Service Employees International Union (SEIU)
12/1/2021,12/1/2021, Pace Ambulance, Teamsters (IBT)
11/30/2021,11/30/2021, Harvard University, Service Employees International Union (SEIU)
11/30/2021,11/30/2021, Wayne Farms, United Food and Commercial Workers (UFCW)
11/30/2021,11/30/2021, Twinbrook Healthcare and Rehabilitation Center,NA
11/26/2021,11/26/2021, Walmart, Fight For 15 - SEIU
11/26/2021,0, Acme Food & Beverage Company,NA
11/25/2021,11/29/2021, Wirecutter - The New York Times, Wirecutter Union - NewsGuild - CWA
11/25/2021,11/25/2021, Boston Market,NA
11/24/2021,11/24/2021, HMSHost, UNITE HERE
11/24/2021,11/24/2021, HMSHost, UNITE HERE
11/23/2021,11/23/2021, Chipotle, Service Employees International Union (SEIU)
11/23/2021,11/23/2021, GoPuff, Working Washington
11/22/2021,12/1/2021, HMSHost - Phoenix Sky Harbor International Airport, UNITE HERE
11/22/2021,11/22/2021, West Anaheim Medical Center, National Union of Healthcare Workers (NUHW)
11/21/2021,12/15/2021, Wyndham Philadelphia Historic District Hotel, UNITE HERE
11/20/2021,11/20/2021, Flagship Facility Services - Denver International Airport, Service Employees International Union (SEIU)
11/19/2021,11/19/2021, Kaiser Permanente, CNA - NNU; NUHW
11/19/2021,11/19/2021, Arlington County Public Schools,NA
11/19/2021,11/19/2021, William Paterson University, American Federation of Teachers (AFT)
11/19/2021,0," Gary Merlino Construction; Stoneway Concrete; Cadman, CalPortland, Lehigh Cement; Salmon Bay Sand & Gravel", Teamsters (IBT)
11/18/2021,11/18/2021, Kaiser Permanente, SEIU; OPEIU; IFPTE
11/18/2021,11/18/2021, Baggage Airlines Guest Services Inc., Service Employees International Union (SEIU)
11/18/2021,11/18/2021, University of Pittsburgh Medical Center, Service Employees International Union (SEIU)
11/18/2021,11/18/2021, Baggage Airlines Guest Services, Service Employees International Union (SEIU)
11/18/2021,11/18/2021, American Airlines Group, Association of Flight Attendants-CWA
11/18/2021,11/18/2021, Pleasant Valley School District, Pleasant Valley Education Association
11/17/2021,11/17/2021," Museum of Fine Arts, Boston", Museum of Fine Arts Union - UAW
11/17/2021,11/17/2021, Complete Care, Service Employees International Union (SEIU)
11/17/2021,11/17/2021,NA, Service Employees International Union (SEIU)
11/17/2021,11/17/2021, The New York Times, Wirecutter Union - NewsGuild - CWA
11/17/2021,11/17/2021, School District of Palm Beach County, Service Employees International Union (SEIU)
11/17/2021,11/17/2021, George Bush Intercontinental Airport, Airport Workers United - SEIU
11/16/2021,11/17/2021, Wake County Public School System, North Carolina Association of Educators - NEA
11/16/2021,11/16/2021, Activision Blizzard, Activision Blizzard Workers Alliance
11/16/2021,11/16/2021,NA, Service Employees International Union (SEIU)
11/16/2021,11/16/2021, Tampa International Airport - Hillsborough County Aviation Authority, Service Employees International Union (SEIU)
11/15/2021,11/16/2021, Mission School Transportation - Long Beach Unified School District, Teamsters (IBT)
11/15/2021,11/15/2021, Wyndham Philadelphia Historic District Hotel, UNITE HERE
11/13/2021,11/13/2021, Middle Tennessee State University, United Campus Workers - CWA
11/12/2021,11/16/2021, Berkeley County School District,NA
11/12/2021,11/15/2021, Baltimore County Public Schools," American Federation of State, County and Municipal Employees (AFSCME)"
11/10/2021,11/10/2021, Fincantieri Marinette Marine, International Brotherhood of Boilermakers (IBB)
11/10/2021,11/10/2021, Metropolitan School District of Pike Township, Indiana State Teachers Association - NEA
11/9/2021,11/9/2021, Cumberland County Schools,NA
11/9/2021,12/2/2021, Keolis North America - Regional Transportation Commission Washoe, Teamsters (IBT)
11/9/2021,11/9/2021, Hannaford, Migrant Justice
11/9/2021,11/9/2021, University of Illinois Hospital,NA
11/9/2021,11/9/2021, McDonald's; Burger King; Jack in the Box, Fight for 15 - SEIU
11/9/2021,11/9/2021, McDonald's; Burger King; Jack in the Box, Fight for 15 - SEIU
11/9/2021,11/9/2021, McDonald's; Burger King; Jack in the Box, Fight for 15 - SEIU
11/9/2021,11/9/2021, McDonald's; Burger King; Jack in the Box, Fight for 15 - SEIU
11/9/2021,11/9/2021, McDonald's; Burger King; Jack in the Box, Fight for 15 - SEIU
11/9/2021,11/9/2021, McDonald's; Burger King; Jack in the Box, Fight for 15 - SEIU
11/9/2021,11/9/2021, McDonald's; Burger King; Jack in the Box, Fight for 15 - SEIU
11/9/2021,11/9/2021,NA, New York Disability Advocates
11/8/2021,11/12/2021, Sutter Health - Sutter Delta Medical Center, Service Employees International Union (SEIU)
11/8/2021,11/8/2021, Howard County Public School System,NA
11/8/2021,11/8/2021, City of Los Angeles,NA
11/7/2021,11/7/2021, Carnegie Museums of Pittsburgh, United Steelworkers (USW)
11/6/2021,11/8/2021, Blue Circle Rehab and Nursing, Service Employees International Union (SEIU)
11/6/2021,11/12/2021, Diversity Thrift - Diversity Richmond,NA
11/6/2021,11/12/2021, Bojangles, Fight for 15 - SEIU
11/5/2021,11/7/2021, Republic Services, Teamsters (IBT)
11/5/2021,11/5/2021, University of Pittsburgh Medical Center, Service Employees International Union (SEIU)
11/5/2021,0, Hot Topic,NA
11/5/2021,11/5/2021, Blues City Brewery," Bakery, Confectionery, Tobacco Workers and Grain Millers' International Union (BCTGM)"
11/4/2021,11/4/2021, Warrior Met Coal, United Mine Workers
11/3/2021,0, Columbia University, Graduate Workers of Columbia - UAW
11/3/2021,11/13/2021, Friendship Dairies - Saputo, Teamsters (IBT)
11/3/2021,12/1/2021, Cabell Huntington Hospital - Mountain Health Network, Service Employees International Union (SEIU)
11/3/2021,11/19/2021, Scranton School District, Scranton Federation of Teachers - AFT
11/3/2021,11/19/2021, Scranton School District, Scranton Federation of Teachers - AFT
11/3/2021,11/19/2021, Scranton School District, Scranton Federation of Teachers - AFT
11/3/2021,11/19/2021, Scranton School District, Scranton Federation of Teachers - AFT
11/3/2021,11/19/2021, Scranton School District, Scranton Federation of Teachers - AFT
11/3/2021,11/19/2021, Scranton School District, Scranton Federation of Teachers - AFT
11/3/2021,11/19/2021, Scranton School District, Scranton Federation of Teachers - AFT
11/3/2021,11/4/2021, Geneva Area City School District, Ohio Education Association - NEA
11/3/2021,11/4/2021, Geneva Area City School District, Ohio Education Association - NEA
11/3/2021,11/4/2021, Geneva Area City School District, Ohio Education Association - NEA
11/3/2021,11/4/2021, Geneva Area City School District, Ohio Education Association - NEA
11/3/2021,0, Jon Donaire Desserts - Rich Products," Bakery, Confectionery, Tobacco Workers and Grain Millers' International Union (BCTGM)"
11/3/2021,11/3/2021, Sparrow Hospital, Michigan Nurses Association (MNA) - NNU
11/3/2021,11/3/2021, University of Illinois at Urbana-Champaign, Service Employees International Union (SEIU)
11/3/2021,11/3/2021, Virginia Mason Franciscan Health, Washington State Nurses Association
11/1/2021,11/11/2021, ArcelorMittal, United Steelworkers (USW)
11/1/2021,11/4/2021, Garlock Sealing Technologies, International Association of Machinists (IAM)
11/1/2021,11/3/2021, Anderson Community Schools, Anderson Federation of Teachers - AFT
11/1/2021,11/2/2021, Stanly County Schools,NA
11/1/2021,11/1/2021, Chipotle,NA
10/31/2021,10/31/2021, New York City Fire Department, IAFF - Uniformed Firefighters Association
10/30/2021,10/30/2021, Kaiser Permanente, United Steelworkers (USW)
10/29/2021,10/31/2021, Puerto Rico Police Bureau, Sindicato de Policias Puertorriqueños (SPP)
10/29/2021,11/2/2021, Wake County Public School System, North Carolina Association of Educators - NEA
10/29/2021,0, Gopuff,NA
10/29/2021,10/29/2021, C&W Services, Service Employees International Union (SEIU)
10/28/2021,10/28/2021, Student Transportation Services New Mexico - Las Cruces Public Schools, Las Cruces Transportation Federation - AFT
10/28/2021,10/28/2021,NA, UNITE HERE
10/28/2021,10/28/2021,NA, UNITE HERE
10/28/2021,10/28/2021,NA, UNITE HERE
10/28/2021,10/28/2021,NA, UNITE HERE
10/27/2021,10/29/2021, Harvard University, Harvard Graduate Student Union - UAW
10/27/2021,10/27/2021, Chipotle Mexican Grill, Service Employees International Union (SEIU)
10/27/2021,10/27/2021, Kellogg,  American Federation of Labor and Congress of Industrial Organizations (AFL-CIO)
10/27/2021,10/27/2021, Cayuga Ridge Nursing Home, Service Employees International Union (SEIU)
10/26/2021,10/26/2021, McDonald's, Fight for 15 - SEIU
10/26/2021,10/26/2021, McDonald's, Fight for 15 - SEIU
10/26/2021,10/26/2021, McDonald's, Fight for 15 - SEIU
10/26/2021,10/26/2021, McDonald's, Fight for 15 - SEIU
10/26/2021,10/26/2021, McDonald's, Fight for 15 - SEIU
10/26/2021,10/26/2021, McDonald's, Fight for 15 - SEIU
10/26/2021,10/26/2021, McDonald's, Fight for 15 - SEIU
10/26/2021,10/26/2021, McDonald's, Fight for 15 - SEIU
10/26/2021,10/26/2021, McDonald's, Fight for 15 - SEIU
10/26/2021,10/26/2021, McDonald's, Fight for 15 - SEIU
10/26/2021,10/26/2021, McDonald's, Fight for 15 - SEIU
10/25/2021,10/25/2021, The School District of Lee County," Florida Education Association - NEA, AFT"
10/25/2021,10/25/2021, NYC Taxi and Limousine Commission, New York Taxi Workers Alliance (NYTWA)
10/25/2021,10/25/2021, Moog,NA
10/25/2021,10/26/2021, United Launch Alliance,NA
10/25/2021,10/25/2021, Bob’s Tire Co, United Food and Commercial Workers (UFCW)
10/23/2021,10/23/2021, Rally's,NA
10/23/2021,11/2/2021, Tuskegee University,NA
10/22/2021,11/2/2021, Charles County Public Schools," American Federation of State, County and Municipal Employees (AFSCME)"
10/22/2021,10/22/2021, Prospect Medical Holdings, California Nurses Association - NNU
10/22/2021,10/22/2021, General Electric, Communication Workers of America (CWA)
10/22/2021,10/22/2021, Metropolitan Nashville Public Schools (MNPS), United Steelworkers (USW)
10/21/2021,10/25/2021, Union Day School,NA
10/21/2021,10/21/2021, General Electric,NA
10/21/2021,10/21/2021, Rust Movie Productions, International Alliance of Theatrical Stage Employees (IATSE)
10/20/2021,10/20/2021, Clark County Department of Family Services, Service Employees International Union (SEIU)
10/20/2021,10/20/2021, Netflix,NA
10/20/2021,10/20/2021, Dollar General, United Food and Commercial Workers (UFCW)
10/20/2021,10/20/2021, Nuvance Health, Service Employees International Union (SEIU)
10/20/2021,10/20/2021, Nuvance Health, Service Employees International Union (SEIU)
10/20/2021,11/3/2021, NYC Taxi and Limousine Commission, New York Taxi Workers Alliance (NYTWA)
10/19/2021,10/19/2021, University of Chicago, UChicago Graduate Students United (GSU)
10/19/2021,10/19/2021, University of Missouri, Coalition of Graduate Workers (CGW)
10/17/2021,10/20/2021, Abbott Northwestern - WestHealth - Allina Health, Minnesota Nurses Association 
10/16/2021,10/16/2021, Instacart, Gig Workers Collective
10/15/2021,10/15/2021, Warren General Hospital, Pennsylvania Association of Staff Nurses and Allied Professionals (PASNAP)
10/14/2021,11/17/2021, John Deere, United Auto Workers (UAW)
10/14/2021,11/17/2021, John Deere, United Auto Workers (UAW)
10/14/2021,11/17/2021, John Deere, United Auto Workers (UAW)
10/14/2021,11/17/2021, John Deere, United Auto Workers (UAW)
10/14/2021,11/17/2021, John Deere, United Auto Workers (UAW)
10/14/2021,11/17/2021, John Deere, United Auto Workers (UAW)
10/14/2021,11/17/2021, John Deere, United Auto Workers (UAW)
10/14/2021,11/17/2021, John Deere, United Auto Workers (UAW)
10/14/2021,11/17/2021, John Deere, United Auto Workers (UAW)
10/14/2021,11/17/2021, John Deere, United Auto Workers (UAW)
10/14/2021,11/17/2021, John Deere, United Auto Workers (UAW)
10/14/2021,11/17/2021, John Deere, United Auto Workers (UAW)
10/14/2021,11/17/2021, John Deere, United Auto Workers (UAW)
10/14/2021,10/15/2021, Jack in the Box, Fight for 15 - SEIU
10/14/2021,10/14/2021, UP Health System - Portage, Michigan Nurses Association
10/14/2021,10/14/2021, Kaiser Permanente, Service Employees International Union (SEIU)
10/13/2021,11/6/2021, Stericycle, Teamsters (IBT)
10/13/2021,11/6/2021, Stericycle, Teamsters (IBT)
10/13/2021,10/13/2021, Mills College, Service Employees International Union (SEIU)
10/13/2021,10/14/2021, University of California, University Council-American Federation of Teachers (UC-AFT)
10/13/2021,10/14/2021, University of California, University Council-American Federation of Teachers (UC-AFT)
10/13/2021,10/14/2021, University of California, University Council-American Federation of Teachers (UC-AFT)
10/12/2021,12/8/2021, Sunrise Northeast, Service Employees International Union (SEIU)
10/12/2021,12/8/2021, Sunrise Northeast, Service Employees International Union (SEIU)
10/12/2021,12/8/2021, Sunrise Northeast, Service Employees International Union (SEIU)
10/12/2021,12/8/2021, Sunrise Northeast, Service Employees International Union (SEIU)
10/12/2021,10/13/2021, Bullitt County Public Schools,NA
10/12/2021,10/12/2021, Collins Aerospace, United Steelworkers (USW)
10/12/2021,10/12/2021, Northwestern University, Service Employees International Union (SEIU)
10/11/2021,10/31/2021, Calvert County Public Schools - Student Transportation,NA
10/11/2021,10/11/2021,NA, Voces de la Frontera
10/10/2021,10/10/2021, HelloFresh, UNITE HERE
10/10/2021,10/10/2021,NA, International Brotherhood of Electrical Workers (IBEW)
10/9/2021,10/9/2021, Encore Global, International Alliance of Theatrical Stage Employees (IATSE)
10/8/2021,10/8/2021, Centers Health Care - Bannister Center for Rehabilitation and Nursing, Service Employees International Union (SEIU)
10/8/2021,10/9/2021, Washington State Ferries, Inlandboatmen's Union of the Pacific - ILWU
10/7/2021,10/7/2021, Liberty Tire Recycling, Teamsters (IBT)
10/7/2021,10/8/2021, University of Minnesota," American Federation of State, County and Municipal Employees (AFSCME)"
10/6/2021,10/7/2021, North Shore Music Theatre, International Alliance of Theatrical Stage Employees (IATSE)
10/6/2021,10/6/2021, The Port Authority of New York and New Jersey, Clean Water Action; Make the Road New Jersey
10/6/2021,10/6/2021, Walnut Street Theatre,NA
10/6/2021,10/6/2021, National Women's Soccer League, National Women's Soccer League Players Association (NWSLPA)
10/6/2021,10/6/2021, National Women's Soccer League, National Women's Soccer League Players Association (NWSLPA)
10/6/2021,10/6/2021, National Women's Soccer League, National Women's Soccer League Players Association (NWSLPA)
10/6/2021,10/6/2021, Rutgers University,NA
10/6/2021,10/6/2021, Wayne Farms, United Food and Commercial Workers (UFCW)
10/5/2021,12/26/2021, Kellogg's," Bakery, Confectionery, Tobacco and Grain Millers Union (BCTGM)"
10/5/2021,12/26/2021, Kellogg's," Bakery, Confectionery, Tobacco and Grain Millers Union (BCTGM)"
10/5/2021,12/26/2021, Kellogg's," Bakery, Confectionery, Tobacco and Grain Millers Union (BCTGM)"
10/5/2021,12/26/2021, Kellogg's," Bakery, Confectionery, Tobacco and Grain Millers Union (BCTGM)"
10/5/2021,10/7/2021, McKenzie-Willamette Medical Center , Service Employees International Union (SEIU)
10/5/2021,10/5/2021, American University, Service Employees International Union
10/5/2021,10/5/2021, Frontier Communications, Communications Workers of America (CWA)
10/5/2021,10/5/2021, Fairfax County, Service Employees International Union (SEIU)
10/5/2021,10/5/2021,NA, Fund Excluded Workers Coalition (FEW)
10/4/2021,10/8/2021, Sutter Health - Sutter Delta Medical Center , Service Employees International Union (SEIU)
10/4/2021,12/17/2021, Erie Strayer Company, Ironworkers
10/4/2021,10/6/2021, Annapolis Bus Company - Student Transportation of America,NA
10/4/2021,10/4/2021, Stericycle, Teamsters (IBT)
10/4/2021,10/4/2021, United States Postal Service (USPS), American Postal Workers Union (APWU)
10/4/2021,10/4/2021, Colonial Williamsburg Foundation, UNITE HERE
10/2/2021,10/4/2021, Village of Robbins, Robbins Police Department Union
10/1/2021,11/9/2021, Catholic Health, Communication Workers of America (CWA)
10/1/2021,10/16/2021," Sulzer Pumps, Inc.", International Association of Machinists (IAM)
10/1/2021,0, Special Metals, United Steelworkers (USW)
10/1/2021,10/1/2021, Chipotle Mexican Grill, Service Employees International Union (SEIU)
10/1/2021,10/1/2021, Flagship Facility Services - Denver International Airport, Service Employees International Union (SEIU)
9/30/2021,9/30/2021, University of Arizona; Arizona State University,NA
9/30/2021,9/30/2021, El Milagro , Arise Chicago Worker Center
9/29/2021,9/29/2021, Illinois State University, Service Employees International Union (SEIU)
9/28/2021,9/28/2021, Peace­Health St. John Medical Center, Washington State Nursing Associ­a­tion (WSNA)
9/27/2021,10/19/2021, Keolis North America - Regional Transportation Commission Washoe, Teamsters (IBT)
9/27/2021,0, San Antonio Symphony, Musicians of the San Antonio Symphony (MOSAS)
9/27/2021,9/27/2021, Massachusetts Institute of Technology," United Electrical, Radio, & Machine Workers of America (UE)"
9/27/2021,9/28/2021, Metropolitan School District of Pike Township,NA
9/27/2021,9/27/2021, Baltimore City Public Schools - City of Baltimore," American Federation of State, County and Municipal Employees (AFSCME)"
9/27/2021,9/27/2021, Evanston-Skokie Community Consolidated School District 65, Illinois Education Association - NEA
9/27/2021,9/27/2021, First Student, Amalgamated Transit Union
9/26/2021,9/26/2021, Valley Proteins Inc," United Electrical, Radio and Machine Workers of America (UE)"
9/26/2021,9/26/2021, Chinese-American Planning Council (CPC); Museum of Chinese in America (MOCA), Coalition to Protect Chinatown and the Lower East Side
9/25/2021,9/25/2021, LaMar’s Donuts,NA
9/24/2021,9/24/2021,NA, Culinary Workers Union - UNITE HERE 
9/24/2021,9/24/2021,NA, Service Employees International Union (SEIU)
9/24/2021,9/25/2021, Pizza Man,NA
9/23/2021,9/23/2021, NYC Taxi and Limousine Commission, New York Taxi Workers Alliance (NYTWA)
9/23/2021,9/23/2021, El Milagro, Arise Chicago Worker Center
9/23/2021,9/23/2021, PlumpJack Estate Winery, United Farm Workers
9/23/2021,10/6/2021, Senior Aerospace SSP, United Auto Workers (UAW)
9/23/2021,9/23/2021, State of Connecticut, Service Employees International Union (SEIU)
9/22/2021,9/22/2021, Art Institute of Chicago; School of the Art Institute," American Federation of State, County and Municipal Employees (AFSCME)"
9/21/2021,9/21/2021, Harvard University," Harvard Grad Students Union (HGSU) - UAW; Service Employees International Union (SEIU); UNITE HERE; Harvard Union of Clerical and Technical Workers (HUCTW) - AFSCME; Harvard University Security, Parking and Museum Guards Union (HUSPMGU)"
9/21/2021,9/21/2021, Hawai'i Department of Education, Hawaiʻi State Teachers Association (HSTA)
9/21/2021,9/21/2021, Hawai'i Department of Education, Hawaiʻi State Teachers Association (HSTA)
9/21/2021,9/21/2021, The University of Oklahoma, American Association of University Professors (AAUP)
9/20/2021,10/9/2021, KONE, The International Association of Machinists and Aerospace Workers (IAM)
9/19/2021,9/19/2021, Beaumont First Transit, Amalgamated Transit Workers Union (ATU)
9/18/2021,9/18/2021, AT&T, Communication Workers of America (CWA)
9/18/2021,12/18/2021, Kaiser Permanente, International Union of Operating Engineers (IUOE)
9/18/2021,12/18/2021, Kaiser Permanente, International Union of Operating Engineers (IUOE)
9/18/2021,12/18/2021, Kaiser Permanente, International Union of Operating Engineers (IUOE)
9/18/2021,12/18/2021, Kaiser Permanente, International Union of Operating Engineers (IUOE)
9/18/2021,12/18/2021, Kaiser Permanente, International Union of Operating Engineers (IUOE)
9/18/2021,12/18/2021, Kaiser Permanente, International Union of Operating Engineers (IUOE)
9/18/2021,12/18/2021, Kaiser Permanente, International Union of Operating Engineers (IUOE)
9/18/2021,12/18/2021, Kaiser Permanente, International Union of Operating Engineers (IUOE)
9/18/2021,12/18/2021, Kaiser Permanente, International Union of Operating Engineers (IUOE)
9/18/2021,12/18/2021, Kaiser Permanente, International Union of Operating Engineers (IUOE)
9/18/2021,12/18/2021, Kaiser Permanente, International Union of Operating Engineers (IUOE)
9/18/2021,12/18/2021, Kaiser Permanente, International Union of Operating Engineers (IUOE)
9/18/2021,12/18/2021, Kaiser Permanente, International Union of Operating Engineers (IUOE)
9/18/2021,12/18/2021, Kaiser Permanente, International Union of Operating Engineers (IUOE)
9/18/2021,12/18/2021, Kaiser Permanente, International Union of Operating Engineers (IUOE)
9/18/2021,12/18/2021, Kaiser Permanente, International Union of Operating Engineers (IUOE)
9/18/2021,12/18/2021, Kaiser Permanente, International Union of Operating Engineers (IUOE)
9/18/2021,12/18/2021, Kaiser Permanente, International Union of Operating Engineers (IUOE)
9/18/2021,12/18/2021, Kaiser Permanente, International Union of Operating Engineers (IUOE)
9/18/2021,12/18/2021, Kaiser Permanente, International Union of Operating Engineers (IUOE)
9/18/2021,12/18/2021, Kaiser Permanente, International Union of Operating Engineers (IUOE)
9/17/2021,9/17/2021, Beth Israel Deaconess Hospital - Plymouth, Service Employees International Union (SEIU)
9/16/2021,10/5/2021, Associated General Contractors of America (AGC), United Brotherhood of Carpenters (UBC)
9/16/2021,10/5/2021, Associated General Contractors of America (AGC), United Brotherhood of Carpenters (UBC)
9/16/2021,10/5/2021, Associated General Contractors of America (AGC), United Brotherhood of Carpenters (UBC)
9/16/2021,9/16/2021, University of Washington; UW Medicine," American Federation of State, County and Municipal Employees (AFSCME)"
9/16/2021,9/16/2021, Illinois State University, Service Employees International Union
9/16/2021,9/16/2021, Bon Appetit - San Francisco Giants, UNITE HERE
9/15/2021,9/15/2021, HMS Host - Phoenix Sky Harbor International Airport, UNITE HERE
9/15/2021,9/15/2021, Western Michigan University," American Federation of State, County and Municipal Employees (AFSCME)"
9/15/2021,9/15/2021, Trident General Contracting, United Brotherhood of Carpenters and Joiners of America (UBC)
9/15/2021,9/15/2021, United Health Services, Service Employees International Union (SEIU); Culinary Workers Union - UNITE HERE 
9/15/2021,9/15/2021, Providence St. Mary Medical Center, United Steelworkers (USW)
9/14/2021,9/14/2021, Cayuga Ridge Nursing & Rehabilitation Center, Service Employees International Union (SEIU)
9/14/2021,9/14/2021, Walmart,NA
9/14/2021,9/14/2021, John Deere, United Auto Workers (UAW)
9/14/2021,9/14/2021, Myrtle Beach Fire Department, Professional Firefighters Association of South Carolina (PFFASC)
9/14/2021,9/14/2021, Barberitos,NA
9/14/2021,9/14/2021, Zanesville City School District, Ohio Education Association - NEA
9/14/2021,9/14/2021, Santa Cruz County Board of Supervisors, Service Employees International Union
9/14/2021,9/14/2021, Hannepin County," American Federation of State, County and Municipal Employees (AFSCME)"
9/13/2021,10/19/2021, Redbank Valley School District, Pennsylvania State Education Association - NEA
9/13/2021,9/13/2021, Chicago Public Schools, American Federation of Teachers (AFT)
9/13/2021,9/13/2021, Board of Regents of the University System of Georgia, American Association of University Professors (AAUP)
9/13/2021,9/13/2021, Board of Regents of the University System of Georgia, American Association of University Professors (AAUP)
9/13/2021,9/13/2021, Board of Regents of the University System of Georgia, American Association of University Professors (AAUP)
9/13/2021,9/13/2021, Board of Regents of the University System of Georgia, American Association of University Professors (AAUP)
9/12/2021,9/12/2021, City of New York," American Federation of State, County and Municipal Employees (AFSCME)"
9/11/2021,10/23/2021, Heaven Hill Distillery, United Food and Commercial Workers (UFCW)
9/10/2021,9/10/2021, DeKalb County School District,NA
9/10/2021,9/10/2021, Colorado Mental Health Institute at Pueblo, Colorado Workers for Innovative and New Solutions (WINS) - SEIU/AFT
9/10/2021,9/10/2021, State of Colorado, Colorado Workers for Innovative and New Solutions (WINS) - SEIU/AFT
9/9/2021,9/16/2021, ZF International, United Auto Workers (UAW)
9/9/2021,9/9/2021, Art Institute of Chicago," American Federation of State, County and Municipal Employees (AFSCME)"
9/6/2021,9/6/2021,NA, Greater Boston Labor Council (GBLC) - AFL-CIO
9/6/2021,9/6/2021, CVS, United Food and Commercial Workers (UFCW)
9/6/2021,9/6/2021, Harrisburg Area Community College, Pennsylvania State Education Association - NEA
9/6/2021,9/6/2021, Boston Marriott Copley Place, UNITE HERE
9/6/2021,9/6/2021, SERV Behavioral Health Mercer County," American Federation of State, County and Municipal Employees (AFSCME)"
9/5/2021,9/5/2021, University of Alabama at Birmingham Hospital, Alabama State Nurses Association
9/5/2021,9/5/2021, McDonald's,NA
9/4/2021,9/4/2021, Amazon, Workers Assembly Against Racism (WAAR)
9/3/2021,9/3/2021, University of New Mexico, United Graduate Workers of University of New Mexico (UGW-UE)
9/3/2021,9/3/2021, Harvard University, UHarvard Grad Students Union (HGSU) - UAW 
9/2/2021,9/3/2021, Oakland University, American Association of University Professors (AAUP)
9/2/2021,9/2/2021, Blue Circle Rehab and Nursing, Service Employees International Union (SEIU)
9/2/2021,9/2/2021, DoorDash, We Drive Progress; Gig Workers Rising
9/2/2021,9/2/2021, Salem Health,NA
9/2/2021,0, Stanford University, Student Collective Action Against Residential Education (SCAARE)
9/2/2021,9/6/2021, Savannah-Chatham County Public Schools, Teamsters (IBT)
9/2/2021,9/3/2021, Coca Cola, Teamsters (IBT)
9/1/2021,9/8/2021, Saint Francis Ministries,NA
9/1/2021,9/1/2021, Baptist Memorial Healthcare,NA
9/1/2021,9/1/2021,NA, Justice for Janitors - SEIU
9/1/2021,9/3/2021, Pal-Pro Builders, Laborers' International Union of North America (LIUNA)
9/1/2021,9/1/2021, County of Benton," American Federation of State, County and Municipal Employees (AFSCME)"
8/31/2021,8/31/2021, San Francisco Unified School District," United Educators of San Francisco - AFT, NEA"
8/31/2021,8/31/2021, El Camino Health, Service Employees International Union (SEIU)
8/31/2021,8/31/2021, El Camino Health, Service Employees International Union (SEIU)
8/30/2021,9/2/2021, Sysco, Teamsters (IBT)
8/28/2021,8/28/2021,NA, Unemployed Workers' Union
8/27/2021,8/28/2021, University of Michigan, American Federation of Teachers (AFT)
8/27/2021,8/28/2021, University of Michigan, American Federation of Teachers (AFT)
8/26/2021,8/26/2021, SERV Behavioral Health," American Federation of State, County and Municipal Employees (AFSCME)"
8/25/2021,8/25/2021, Chateau Marmont, UNITE HERE
8/25/2021,8/25/2021,NA, United Auto Workers (UAW)
8/25/2021,8/25/2021,NA, United Auto Workers (UAW)
8/25/2021,8/25/2021,NA, United Auto Workers (UAW)
8/25/2021,8/25/2021,NA, United Auto Workers (UAW)
8/25/2021,8/25/2021,NA, United Auto Workers (UAW)
8/25/2021,8/25/2021,NA, United Auto Workers (UAW)
8/25/2021,8/25/2021,NA, United Auto Workers (UAW)
8/25/2021,8/25/2021, Catholic Health, Communication Workers of America (CWA)
8/25/2021,8/25/2021,NA, Service Employees International Union (SEIU)
8/25/2021,8/25/2021, Chicago Transit Authority, Amalgamated Transit Union (ATU)
8/24/2021,8/24/2021,NA, Philadelphia Council AFL-CIO
8/23/2021,8/23/2021,NA,NA
8/21/2021,8/21/2021,NA,NA
8/21/2021,8/22/2021, Lyrical Lemonade Summer Smash Festival,NA
8/20/2021,8/20/2021, Freddy's Frozen Custard & Steakburgers, Fight For 15 - SEIU
8/20/2021,8/20/2021, Burger King, Fight for 15- SEIU
8/19/2021,8/20/2021, Spelman College,NA
8/18/2021,8/18/2021, Sycuan Casino Resort, UNITE HERE
8/18/2021,8/18/2021,NA, Garment Worker Center (GWC)
8/18/2021,8/18/2021, ExxonMobil, United Steelworkers (USW)
8/18/2021,8/31/2021, Redstone 8 Cinemas - Metropolitan Theatres,NA
8/18/2021,8/18/2021, University of Missouri, Laborers' International Union of North America (LIUNA)
8/18/2021,8/18/2021, Western Michigan University, American Association of University Professors (AAUP)
8/17/2021,8/17/2021, Centinela Hospital Medical Center, California Nurses Association - NNU
8/16/2021,8/26/2021, Columbia Building Services; Final Touch Commercial Cleaning, Service Employees International Union (SEIU)
8/16/2021,8/16/2021,  University of Maryland Baltimore," American Federation of State, County and Municipal Employees (AFSCME)"
8/16/2021,8/16/2021,NA, Warehouse Workers for Justice (WWJ)
8/16/2021,8/17/2021, SamTrans, Amalgamated Transit Union (ATU)
8/16/2021,8/16/2021, Naperville District 203 Board of Education, National Education Association (NEA) - Illinois Education Association
8/15/2021,8/15/2021, Frontier Communications, Communications Workers of America (CWA)
8/12/2021,8/12/2021, State of North Carolina," United Electrical, Radio and Machine Workers of America (UE)"
8/12/2021,8/12/2021,NA,  Service Employees International Union (SEIU); Colorado Care Workers Unite (CCWU) 
8/12/2021,8/12/2021, The Walters Art Museum," American Federation of State, County and Municipal Employees (AFSCME)"
8/11/2021,8/11/2021, The New York TImes, The NewsGuild of New York - CWA
8/11/2021,8/11/2021, Amazon, Amazon Labor Union
8/11/2021,8/11/2021, Kansas City VA Medical Center, American Federation of Government Employees (AFGE) 
8/11/2021,8/11/2021, Seattle Children's Hospital, Washington State Nurses Association (WSNA) 
8/10/2021,9/18/2021, Nabisco," Bakery, Confectionery, Tobacco Workers and Grain Millers' International Union (BCTGM)"
8/10/2021,9/18/2021, Nabisco," Bakery, Confectionery, Tobacco Workers and Grain Millers' International Union (BCTGM)"
8/10/2021,9/18/2021, Nabisco," Bakery, Confectionery, Tobacco Workers and Grain Millers' International Union (BCTGM)"
8/10/2021,9/18/2021, Nabisco," Bakery, Confectionery, Tobacco Workers and Grain Millers' International Union (BCTGM)"
8/10/2021,9/18/2021, Nabisco," Bakery, Confectionery, Tobacco Workers and Grain Millers' International Union (BCTGM)"
8/10/2021,9/18/2021, Nabisco," Bakery, Confectionery, Tobacco Workers and Grain Millers' International Union (BCTGM)"
8/9/2021,8/9/2021, University of Michigan, Lecturers’ Employee Organization - AFT
8/8/2021,8/8/2021, Family Dollar,NA
8/6/2021,8/6/2021, King County Courthouse, Amalgamated Transit Union (ATU)
8/6/2021,8/6/2021, Powerback Rehabilitation - ProMedica, Service Employees International Union (SEIU)
8/5/2021,8/5/2021, University of Maryland," American Federation of State, County and Municipal Employees (AFSCME)"
8/4/2021,8/5/2021, Jack in the Box, Fight for 15 - SEIU
8/4/2021,8/4/2021, UW Medicine, AFSCME; SEIU; Washington State Nurses Association (WSNA)
8/3/2021,8/13/2021, Keolis North America - Regional Transportation Commission Washoe, Teamsters (IBT)
8/3/2021,8/3/2021, McDonald's, Fight for 15 - SEIU
8/2/2021,9/26/2021, New Car Dealer Committee, International Association of Machinists (IAM)
8/2/2021,8/2/2021, Naperville District 203 Board of Education, National Education Association (NEA) - Illinois Education Association
8/2/2021,11/5/2021, Cascade Behavioral Health, Service Employees International Union (SEIU)
8/2/2021,9/7/2021, Henry Frerk Sons, Teamsters (IBT)
7/31/2021,7/31/2021, DoorDash,NA
7/30/2021,7/30/2021, Tufts University, Tufts Labor Coalition
7/29/2021,7/29/2021, Our Lady of Fatima Hospital, United Nurses & Allied Professionals (UNAP)
7/29/2021,7/29/2021, Cenovus Energy, Laborers' International Union of North America (LIUNA); International Brotherhood of Boilermakers
7/28/2021,7/28/2021,NA, Fund Excluded Workers Coalition (FEW)
7/28/2021,7/28/2021, Activision Blizzard,NA
7/28/2021,7/28/2021, Warrior Met Coal; BlackRock Fund Advisors, United Mine Workers of America (UMWA)
7/28/2021,7/28/2021, Sutter Health, Service Employees International Union (SEIU)
7/28/2021,7/28/2021, Elmhurst Hospital Center - Mount Sinai Health System, New York State Nurses Association (NYSNA)
7/28/2021,7/29/2021, Kroger, United Food and Commercial Workers (UFCW)
7/28/2021,7/29/2021, Kroger, United Food and Commercial Workers (UFCW)
7/27/2021,7/29/2021, Lawrence Livermore National Laboratory," Society of Professionals, Scientists, and Engineers - CWA"
7/26/2021,7/26/2021, Community First Medical Center, National Nurses Organizing Committee/National Nurses United (NNOC/NNU)
7/26/2021,8/1/2021, VNA of Boston (BVNA), Massachusetts Nurses Association
7/25/2021,7/26/2021, Aviary Cafe,NA
7/24/2021,7/24/2021, Complete Care Management LLC," Retail, Warehouse and Department Store Union (RWDSU) - UFCW"
7/23/2021,7/23/2021, The Modern Honolulu; Ilikai Hotel & Luxury Suites, UNITE HERE
7/23/2021,7/23/2021, The Modern Honolulu; Ilikai Hotel & Luxury Suites, UNITE HERE
7/23/2021,7/24/2021, Fleishers Craft Butchery,NA
7/23/2021,7/24/2021, Fleishers Craft Butchery,NA
7/23/2021,7/24/2021, Fleishers Craft Butchery,NA
7/23/2021,7/24/2021, Fleishers Craft Butchery,NA
7/21/2021,7/21/2021, State of Minnesota, Minnesota Association of Professional Employees (MAPE)
7/21/2021,7/22/2021, Negociado de Transporte y otros Servicios Públicos (NTSP), Frente Amplio de Camioneros de Puerto Rico
7/21/2021,7/21/2021, Uber; Lyft, Rideshare Drivers United
7/21/2021,7/21/2021, Uber; Lyft, Rideshare Drivers United
7/21/2021,7/21/2021, Uber; Lyft, Rideshare Drivers United
7/21/2021,7/21/2021, Flint Community Schools, Michigan Education Association - MEA
7/21/2021,7/21/2021,NA, National Nurses United (NNU)
7/21/2021,7/21/2021,NA, National Nurses United (NNU)
7/21/2021,7/21/2021,NA, National Nurses United (NNU)
7/20/2021,7/20/2021, Niles-Maine District Library Board," American Federation of State, County and Municipal Employees (AFSCME)"
7/20/2021,7/20/2021, Chicago Public Schools, American Federation of Teachers (AFT)
7/20/2021,7/20/2021, Krab Kingz, Fight for 15 - SEIU
7/20/2021,0, City of Pelham,NA
7/20/2021,8/4/2021," Luis Ayala Colón Sucrs, Inc.", International Longshoremen’s Association (ILA)
7/19/2021,7/23/2021, Fullerton Auto Group, United Auto Workers (UAW)
7/19/2021,7/23/2021,NA, AFL-CIO
7/19/2021,7/23/2021,NA, AFL-CIO
7/19/2021,7/23/2021,NA, AFL-CIO
7/17/2021,7/17/2021, The Disneyland Resort, Service Employees International Union (SEIU)
7/15/2021,7/23/2021, Kroger, United Food and Commercial Workers (UFCW) 
7/15/2021,7/23/2021, Kroger, United Food and Commercial Workers (UFCW) 
7/15/2021,7/23/2021, Kroger, United Food and Commercial Workers (UFCW) 
7/15/2021,7/23/2021, Kroger, United Food and Commercial Workers (UFCW) 
7/15/2021,7/15/2021, Masonic Care Community of New York,  Service Employees International Union (SEIU)
7/15/2021,7/15/2021, U.S. Census Bureau, Service Employees International Union (SEIU)
7/14/2021,7/14/2021, Forest Haven Nursing and Rehabilitation Center,  Service Employees International Union (SEIU)
7/14/2021,7/14/2021, Williamstown Theatre Festival,NA
7/13/2021,7/14/2021, Keck Medicine of USC, California Nurses Association - NNU
7/13/2021,7/13/2021, State of Connecticut, Service Employees International Union (SEIU); State Employees Bargaining Agent Coalition (SEBAC)
7/13/2021,7/13/2021, University of Maryland College Park," American Federation of State, County and Municipal Employees (AFSCME)"
7/13/2021,7/13/2021,NA, Service Employees International Union (SEIU)
7/13/2021,7/13/2021,NA, Service Employees International Union (SEIU)
7/13/2021,7/13/2021,NA, Service Employees International Union (SEIU)
7/13/2021,7/13/2021,NA, Service Employees International Union (SEIU)
7/13/2021,7/13/2021,NA, Service Employees International Union (SEIU)
7/13/2021,7/13/2021,NA, Service Employees International Union (SEIU)
7/13/2021,7/26/2021, Aramark, Teamsters (IBT)
7/13/2021,7/13/2021,NA, Service Employees International Union (SEIU)
7/12/2021,8/22/2021, PepsiCo, Teamsters (IBT)
7/12/2021,7/12/2021,NA, Fund Excluded Workers Coalition (FEW)
7/10/2021,7/10/2021, Kaiser Permanente, UNITE HERE
7/10/2021,7/10/2021, Burger King,NA
7/8/2021,7/8/2021, Boston Marriott Copley Place, UNITE HERE
7/7/2021,7/7/2021, City of New York," American Federation of State, County and Municipal Employees (AFSCME); Uniformed Firefighters Association - IAFF "
7/7/2021,0, Sutter Health, Service Employees International Union (SEIU)
7/7/2021,0, Sutter Health, Service Employees International Union (SEIU)
7/7/2021,0, Sutter Health, Service Employees International Union (SEIU)
7/7/2021,0, Sutter Health, Service Employees International Union (SEIU)
7/5/2021,7/25/2021, Frito-Lay - PepsiCo," Bakery, Confectionery, Tobacco Workers and Grain Millers' International Union (BCTGM)"
7/4/2021,10/29/2021, Sheffield Barbers - Fort Lee, Laborers' International Union of North America (LIUNA)
7/3/2021,7/3/2021, Eddie Merlot's,NA
7/2/2021,7/16/2021, National Aerospace Solutions, Air Engineering Metal Trades Council (AEMTC)
7/2/2021,7/2/2021, Kroger, United Food and Commercial Workers (UFCW)
7/1/2021,7/2/2021, West Coast Berry Farms, Mixteco Indigena Community Organizing Project
7/1/2021,7/14/2021, Bellingham Cold Storage, Teamsters (IBT)
7/1/2021,7/14/2021, Bellingham Cold Storage, Teamsters (IBT)
7/1/2021,7/2/2021, The Dill Pickle Food Co-op, Industrial Workers of the World (IWW)
7/1/2021,7/1/2021, Ogunquit Ocean Rescue Service,NA
7/1/2021,7/1/2021, Del Taco,NA
7/1/2021,7/12/2021, Highway Trailer Sales, International Association of Machinists (IAM)
6/30/2021,6/30/2021, UW Medicine, Service Employees International Union (SEIU)
6/30/2021,0, SMG Exposition Services - ASM Global, International Alliance of Theatrical Stage Employees (IATSE)
6/29/2021,6/29/2021, City of San Jose, International Federation of Professional and Technical Engineers; AFSCME-MEF
6/29/2021,6/30/2021," City of Elizabeth City, NC",NA
6/29/2021,7/1/2021, Jack in the Box, Fight for 15 - SEIU
6/29/2021,6/29/2021, State of Connecticut, State Employees Bargaining Agent Coalition (SEBAC); SEIU 
6/28/2021,6/28/2021, Department of Public Works - City of New Orleans,NA
6/28/2021,7/5/2021, Portillo's Restaurant Group, Arise Chicago Worker Center
6/27/2021,6/27/2021, First Transit - Transit Management of Beaumont, Amalgamated Transit Union (ATU)
6/27/2021,6/27/2021, State of Maine, Maine Service Employees Association - SEIU
6/27/2021,6/28/2021, Voodoo Doughnut, Industrial Workers of the World (IWW)
6/26/2021,6/26/2021, Greenleaf, United Food and Commercial Workers (UFCW)
6/26/2021,6/26/2021, Essentia Health, United Steelworkers (USW)
6/25/2021,7/13/2021, Cook County; Cook County Health, Service Employees International Union (SEIU)
6/25/2021,7/13/2021, Cook County; Cook County Health, Service Employees International Union (SEIU)
6/25/2021,7/13/2021, Cook County; Cook County Health, Service Employees International Union (SEIU)
6/25/2021,6/25/2021, Eastern Illinois University," American Federation of State, County and Municipal Employees (AFSCME)"
6/24/2021,6/24/2021, Cook County Health, National Nurses United (NNU)
6/24/2021,6/24/2021, Cook County Health, National Nurses United (NNU)
6/24/2021,6/24/2021, Cook County Health, National Nurses United (NNU)
6/23/2021,6/23/2021, Spring Grove Hospital Center," American Federation of State, County and Municipal Employees (AFSCME)"
6/23/2021,6/23/2021, Paulo Freire Social Justice Charter School, United Auto Workers
6/22/2021,6/22/2021, Warrior Met Coal; BlackRock Fund Advisors, United Mine Workers of America (UMWA)
6/21/2021,6/21/2021, NYU Langone Health, Teamsters (IBT); Service Employees International Union (SEIU)
6/21/2021,6/21/2021,NA, Poor People's Campaign
6/21/2021,6/23/2021, The San Jose Flea Market,NA
6/19/2021,6/19/2021,NA, Unemployed Workers Union; Peoples Power Assembly
6/18/2021,6/19/2021, Bellingham Cold Storage, Teamsters (IBT)
6/18/2021,6/19/2021, Bellingham Cold Storage, Teamsters (IBT)
6/18/2021,6/18/2021, Carnegie Museums of Pittsburgh, Service Employees International Union (SEIU)
6/17/2021,6/21/2021, RAT IN THE KITCHEN - Fourth State Productions, International Alliance of Theatrical Stage Employees (IATSE)
6/16/2021,6/17/2021, Hooters,NA
6/16/2021,6/16/2021,NA,  Street Vendors Project (SVP); New Immigrant Community Empowerment (NICE)
6/16/2021,6/16/2021,NA, Workers Justice Project
6/15/2021,6/15/2021, Mission Hospital, National Nurses United (NNU)
6/15/2021,6/15/2021,NA, Service Employees International Union (SEIU)
6/15/2021,6/15/2021,NA, Service Employees International Union (SEIU)
6/15/2021,6/15/2021,NA, Food Chain Workers Alliance
6/15/2021,6/15/2021,NA, One Fair Wage
6/15/2021,6/15/2021,NA, Service Employees International Union (SEIU)
6/15/2021,6/15/2021,NA, Justice for Janitors - SEIU
6/15/2021,6/15/2021,NA, United Brotherhood of Carpenters and Joiners of America; New Immigrant Community Empowerment (NICE)
6/15/2021,6/15/2021, Dollar General,NA
6/14/2021,7/25/2021, Custom Hoists, United Steelworkers (USW)
6/14/2021,0, Federal Industries, The International Association of Machinists and Aerospace Workers (IAM)
6/13/2021,6/13/2021, Salare; JuneBaby,NA
6/13/2021,6/13/2021, Salare; JuneBaby,NA
6/12/2021,6/12/2021, Indiana University Health, Indiana Against the Mandate
6/12/2021,6/12/2021, Lehigh Valley Hospital-Schuylkill, Lehigh Valley Health Network Nurses United - OPEIU
6/12/2021,6/12/2021, Brookline School Committee, Massachusetts Teachers Association - NEA
6/12/2021,6/12/2021,NA, Zinn Education Project
6/12/2021,6/12/2021,NA, Teach the Truth - Zinn Education Project
6/12/2021,6/12/2021,NA, Teach the Truth - Zinn Education Project
6/12/2021,6/12/2021,NA, Teach the Truth - Zinn Education Project
6/12/2021,6/12/2021,NA, Teach the Truth - Zinn Education Project
6/11/2021,6/11/2021, Asbury Park School District, New Jersey Education Association - NEA
6/11/2021,0, CBM Florida, Service Employees International Union (SEIU)
6/9/2021,6/9/2021, William S. Hart Union High School District, California Teachers Association - NEA
6/8/2021,7/15/2021, New River Valley Plant - Volvo Trucks, United Auto Workers (UAW)
6/8/2021,6/8/2021, Falmouth Public Schools, Massachusetts Teachers Association - NEA
6/8/2021,6/8/2021,NA, Workers Justice Project
6/8/2021,6/8/2021, Viatris, United Steelworkers (USW)
6/8/2021,6/8/2021, Condé Nast , The NewsGuild of New York - CWA
6/8/2021,0, Cummins Inc., The International Association of Machinists and Aerospace Workers (IAM)
6/8/2021,7/22/2021, V. SUAREZ GROUP, Camioneros Unidos
6/7/2021,6/7/2021, Houston Methodist Hospital,NA
6/7/2021,6/9/2021, Urban Prep Academies, American Federation of Teachers (AFT)
6/7/2021,6/9/2021, Urban Prep Academies, American Federation of Teachers (AFT)
6/7/2021,6/9/2021, Urban Prep Academies, American Federation of Teachers (AFT)
6/7/2021,6/7/2021, Flint Community Schools, Michigan Education Association - NEA
6/4/2021,6/6/2021, South Carolina Department of Juvenile Justice,NA
6/4/2021,6/4/2021,NA, UNITE HERE
6/4/2021,6/13/2021, Casa Latina, Office and Professional Employees International Union (OPEIU)
6/4/2021,6/4/2021, Port of Oakland, International Longshore and Warehouse Union (ILWU)
6/3/2021,6/3/2021, South Bend School Corporation, National Education Association (NEA)
6/3/2021,6/3/2021, Hufcor, Industrial Division of the Communication Workers of America (IUE-CWA)
6/3/2021,6/3/2021, Jefferson County School District, Colorado Education Association - NEA
6/2/2021,6/2/2021, DC Public Schools,NA
6/2/2021,6/2/2021,NA, Service Employees International Union (SEIU)
6/1/2021,6/4/2021, Kalispell Regional Medical Center - Logan Health, Service Employees International Union (SEIU)
6/1/2021,6/1/2021, United Parcel Service (UPS), Teamsters (IBT)
6/1/2021,6/1/2021, Harvard University Dining Services, UNITE HERE
5/28/2021,5/28/2021, Town of Scarborough Department of Public Works, Teamsters (IBT)
5/28/2021,5/28/2021,NA, Climate Jobs Illinois
5/28/2021,5/28/2021,NA, Service Employees International Union (SEIU)
5/27/2021,5/27/2021,NA, Service Employees International Union (SEIU)
5/27/2021,6/9/2021, Dianne Morales for NYC Mayor, Mayorales Union
5/27/2021,5/27/2021, McDonald's - Michell Enterprises; Goldenhawk, Service Employees International Union (SEIU)
5/27/2021,5/27/2021,NA, Recovery for All Coalition; Service Employees International Union (SEIU)
5/26/2021,5/26/2021, Old Ebbitt Grill; Gibsons Bar & Steakhouse, One Fair Wage
5/26/2021,5/26/2021, Old Ebbitt Grill; Gibsons Bar & Steakhouse, One Fair Wage
5/26/2021,5/26/2021, Old Ebbitt Grill; Gibsons Bar & Steakhouse, One Fair Wage
5/26/2021,5/26/2021, ExxonMobil, United Steelworkers (USW)
5/26/2021,5/26/2021, Mercy Medical Center Redding - Dignity Health, California Nurses Association - NNU
5/26/2021,0, Johnson Brothers Distributing, Teamsters (IBT)
5/25/2021,5/26/2021, Chinese Hospital, California Nurses Association - NNU
5/25/2021,5/25/2021,NA, Philadelphia Labor for Black Lives Coalition
5/25/2021,5/25/2021,NA, Service Employees International Union (SEIU)
5/25/2021,5/25/2021,NA, Service Employees International Union (SEIU)
5/25/2021,5/25/2021,NA, Service Employees International Union (SEIU)
5/25/2021,5/25/2021,NA, Service Employees International Union (SEIU)
5/25/2021,5/25/2021,NA, Service Employees International Union (SEIU)
5/25/2021,5/25/2021,NA, Service Employees International Union (SEIU)
5/25/2021,5/25/2021,NA, Service Employees International Union (SEIU)
5/24/2021,5/24/2021,NA, New York State Building and Construction Council
5/22/2021,5/22/2021," Miller Park Zoo - City of Bloomington, Illinois"," American Federation of State, County and Municipal Employees (AFSCME)"
5/22/2021,5/22/2021, Frankie’s of Charlotte,NA
5/21/2021,5/21/2021, Santa Clara County, SEIU; IUOE; Registered Nurses Professional Association (RNPA)
5/21/2021,5/21/2021, Keolis North America, Teamsters (IBT)
5/21/2021,5/22/2021, Del Mar - Fabio Trabocchi Restaurants,NA
5/21/2021,6/30/2021, Signatory Painting Contractors Organization (SPCO), International Union of Painters and Allied Trades (IUPAT)
5/21/2021,6/30/2021, Signatory Painting Contractors Organization (SPCO), International Union of Painters and Allied Trades (IUPAT)
5/20/2021,5/20/2021,NA, Chicago Teachers Union (CTU) - AFT
5/19/2021,5/19/2021,NA, Atlanta-North Georgia Labor Council
5/19/2021,5/22/2021, Modern Times Beer Oakland,NA
5/19/2021,5/19/2021, MultiCare, Service Employees International Union (SEIU)
5/19/2021,5/19/2021, Cape Cod Healthcare, Massachusetts Nurses Association
5/19/2021,5/19/2021,NA, National Day Laborer’s Organizing Network; New Labor; Cosecha
5/19/2021,5/19/2021, Top Chef Family Style, International Alliance of Theatrical Stage Employees (IATSE)
5/19/2021,5/19/2021, McDonald's, Fight for 15 - SEIU
5/19/2021,5/19/2021, McDonald's, Fight for 15 - SEIU
5/19/2021,5/19/2021, McDonald's, Fight for 15 - SEIU
5/19/2021,5/19/2021, McDonald's, Fight for 15 - SEIU
5/19/2021,5/19/2021, McDonald's, Fight for 15 - SEIU
5/19/2021,5/19/2021, McDonald's, Fight for 15 - SEIU
5/19/2021,5/19/2021, McDonald's, Fight for 15 - SEIU
5/19/2021,5/19/2021, McDonald's, Fight for 15 - SEIU
5/19/2021,5/19/2021, McDonald's, Fight for 15 - SEIU
5/19/2021,5/19/2021, McDonald's, Fight for 15 - SEIU
5/19/2021,5/19/2021, McDonald's, Fight for 15 - SEIU
5/19/2021,5/19/2021, McDonald's, Fight for 15 - SEIU
5/19/2021,5/19/2021, McDonald's, Fight for 15 - SEIU
5/19/2021,5/19/2021, McDonald's, Fight for 15 - SEIU
5/19/2021,5/19/2021, McDonald's, Fight for 15 - SEIU
5/19/2021,5/19/2021, McDonald's, Fight for 15 - SEIU
5/19/2021,5/19/2021, McDonald's, Fight for 15 - SEIU
5/19/2021,5/19/2021, McDonald's, Fight for 15 - SEIU
5/19/2021,5/19/2021, McDonald's, Fight for 15 - SEIU
5/18/2021,6/18/2021, Unifrax, United Steelworkers (USW)
5/18/2021,5/18/2021,NA, Service Employees International Union (SEIU); New York State Nurses Association (NYSNA)
5/18/2021,5/18/2021, Saint Peter Regional Treatment Center," American Federation of State, County and Municipal Employees"
5/18/2021,5/18/2021,NA, Save Our Jobs Coalition
5/17/2021,5/17/2021,NA, Recovery for All
5/16/2021,5/24/2021, JuiceLand, Juiceland Workers Rights
5/16/2021,5/24/2021, JuiceLand, Juiceland Workers Rights
5/16/2021,5/24/2021, JuiceLand, Juiceland Workers Rights
5/16/2021,5/24/2021, JuiceLand, Juiceland Workers Rights
5/16/2021,5/24/2021, JuiceLand, Juiceland Workers Rights
5/15/2021,5/15/2021, Tribune Publishing, The NewsGuild - CWA
5/15/2021,5/15/2021, Tribune Publishing, The NewsGuild - CWA
5/15/2021,5/15/2021, Tribune Publishing, The NewsGuild - CWA
5/15/2021,5/15/2021, Tribune Publishing, The NewsGuild - CWA
5/15/2021,5/15/2021, Tribune Publishing, The NewsGuild - CWA
5/14/2021,5/14/2021, MV Transportation - MetroAccess Paratransit, Amalgamated Transit Union (ATU)
5/14/2021,5/28/2021, Shikellamy School District, Pennsylvania State Education Association - NEA
5/14/2021,5/14/2021, Enloe Medical Center, California Nurses Association - NNU
5/13/2021,5/13/2021, The Metropolitan Opera, International Alliance of Theatrical Stage Employees (IATSE); American Federation of Musicians (AFM)
5/13/2021,5/13/2021, Amazon, Rochester Building & Construction Trades Council
5/12/2021,5/12/2021, United Parcel Service (UPS), Teamsters (IBT)
5/12/2021,5/12/2021, Chipotle, Service Employees International Union (SEIU)
5/12/2021,5/12/2021, University of Kentucky, United Campus Workers of Kentucky - CWA
5/12/2021,5/12/2021,NA, Our Revolution
5/12/2021,5/12/2021, Santa Maria-Bonita School District, California Teachers Association - NEA
5/11/2021,5/13/2021, Bleyer Industries, Service Employees International Union (SEIU)
5/11/2021,5/11/2021, Charles County Public Schools, Maryland State Education Association - NEA
5/11/2021,5/11/2021,NA, United Steelworkers (USW)
5/8/2021,5/8/2021,NA, Service Employees International Union (SEIU)
5/8/2021,5/8/2021,NA, Arts Workers Rally
5/7/2021,5/7/2021, Washingtonian,NA
5/7/2021,5/7/2021,NA, People’s Power Assembly
5/6/2021,5/6/2021, Fountain Valley Regional Hospital - Tenet Healthcare, National Union of Healthcare Workers (NUHW)
5/6/2021,5/6/2021,NA, Mon Valley Unemployed Committee; Pittsburgh Restaurant Workers Aid
5/6/2021,5/6/2021, City College of San Francisco, CCSF Collective; American Federation of Teachers (AFT)
5/6/2021,5/6/2021, Greene Kleen of South Florida, Service Employees International Union (SEIU)
5/6/2021,5/6/2021, Jeffco Public Schools, Colorado Education Association - NEA
5/6/2021,5/6/2021, AECOM Tishman; Trident General Contracting, United Brotherhood of Carpenters
5/6/2021,5/6/2021, Beth Israel Deaconess Hospital Plymouth, Massachusetts Nurses Association
5/5/2021,5/5/2021, Stericycle, Teamsters (IBT)
5/5/2021,5/5/2021,NA, United Food and Commercial Workers (UFCW)
5/4/2021,5/4/2021, Dollar General,NA
5/4/2021,5/4/2021, Centerra Integrated Services, Service Employees International Union (SEIU)
5/4/2021,5/4/2021, Planned Companies, Service Employees International Union (SEIU)
5/4/2021,5/4/2021, Falmouth Public Schools, Massachusetts Teachers Association - NEA
5/4/2021,5/4/2021, First Transit, Amalgamated Transit Union Local (ATU)
5/4/2021,5/4/2021, Michigan Medicine - University of Michigan, AFT Michigan - AFT
5/3/2021,5/3/2021, Mercy Hospital Bronzeville, Chicago Health Equity Coalition
5/3/2021,5/5/2021, Shaw's Supermarkets - Albertsons, Teamsters (IBT)
5/3/2021,5/5/2021, Shaw's Supermarkets - Albertsons, Teamsters (IBT)
5/3/2021,5/3/2021, The Collier Companies, Alachua County County Labor Coalition
5/3/2021,5/3/2021," Greenwich, CT", Teamsters (IBT)
5/3/2021,5/3/2021, Aspirus Riverview Hospital - Aspirus, Service Employees International Union (SEIU)
5/3/2021,5/3/2021, University of California, Cops Off Campus Coalition
5/3/2021,5/3/2021, University of California, Cops Off Campus Coalition
5/3/2021,0, Wendy's,NA
5/3/2021,5/3/2021, Goodwill Northern New England,NA
5/1/2021,5/1/2021, Hannahford Supermarkets, Vermont AFL-CIO
5/1/2021,5/1/2021, Condé Nast, The NewsGuild of New York - CWA
5/1/2021,5/1/2021, University of Tennessee Health Science Center, United Campus Workers - CWA; Memphis AFL-CIO Labor Council
5/1/2021,5/1/2021, City of New York, City Workers for Justice
5/1/2021,5/1/2021, Yale University, Respect New Haven; UNITE HERE
5/1/2021,5/1/2021, Albany Medical Center, New York State Nurses Association (NYSNA); New York State AFL-CIO
5/1/2021,5/1/2021, Maximus, Communication Workers of America
5/1/2021,7/31/2021, The University of Texas at Austin,NA
5/1/2021,0, Boston Marriott Copley Place,NA
5/1/2021,5/17/2021, IHOP, Siembra NC
4/29/2021,4/29/2021,NA, Unidad Latina en Acción New Haven (ULA)
4/29/2021,4/29/2021, United Parcel Service (UPS), Teamsters (IBT)
4/29/2021,4/29/2021, ExxonMobil, United Steelworkers (USW)
4/28/2021,4/28/2021, Grosse Pointe Public School System, Michigan Education Association - NEA
4/28/2021,4/28/2021, United Parcel Service (UPS), Teamsters (IBT)
4/28/2021,4/28/2021, Queen of the Valley Medical Center - Providence , National Union of Healthcare Workers (NUHW)
4/27/2021,4/27/2021, Cambridge Health Alliance, Massachusetts Nurses Association
4/27/2021,4/27/2021, Cambridge Health Alliance, Massachusetts Nurses Association
4/27/2021,4/27/2021, Cambridge Health Alliance, Massachusetts Nurses Association
4/26/2021,5/4/2021, Oregon Institute of Technology, American Association of University Professors (AAUP)
4/26/2021,5/4/2021, Oregon Institute of Technology, American Association of University Professors (AAUP)
4/26/2021,5/14/2021, New York University, Graduate Student Organizing Committee - UAW
4/26/2021,4/26/2021, Guy Fieri’s American Kitchen + Bar - Live! Casino,NA
4/26/2021,4/27/2021, Greenville Public School District,NA
4/26/2021,4/26/2021, Virginia Commonwealth University, United Campus Workers of Virginia - CWA
4/26/2021,4/26/2021,NA, Wisconsin AFL-CIO; Citizen Action of Wisconsin
4/26/2021,5/7/2021, Kenyon College, Kenyon Student Worker Organizing Committee (K-SWOC)
4/25/2021,4/25/2021,NA, New Labor
4/24/2021,4/24/2021, Churchill Downs, Service Employees International Union (SEIU)
4/23/2021,0, Chateau Marmont, UNITE HERE
4/23/2021,4/23/2021, University of Miami; ABM Industries; Chartwells Higher Education , Service Employees International Union (SEIU)
4/22/2021,4/22/2021, University of Miami; ABM Industries; Chartwells Higher Education , Service Employees International Union (SEIU)
4/22/2021,4/22/2021, MiraVista Behavioral Health Center - Health Partners New England, Massachusetts Nurses Association
4/22/2021,4/22/2021, Ohio Valley Environmental Coalition (OVEC), Industrial Workers of the World (IWW)
4/21/2021,4/24/2021, Tyler Memorial Hospital - Commonwealth Health, Service Employees International Union (SEIU)
4/21/2021,4/21/2021, Port Authority of New York and New Jersey, Service Employees International Union (SEIU)
4/21/2021,4/21/2021,NA, Los Deliveristas Unidos - Worker's Justice Project; Service Employees International Union (SEIU)
4/21/2021,4/21/2021, Allina Health, Service Employees International Union (SEIU)
4/20/2021,0, Baltimore County Public Schools, Maryland State Education Association - NEA
4/20/2021,4/20/2021,NA, AFSCME
4/19/2021,4/19/2021,NA, UNITE HERE
4/19/2021,0, Scheppers Distributing, Teamsters (IBT)
4/19/2021,0, Scheppers Distributing, Teamsters (IBT)
4/19/2021,0, United Metro Energy, Teamsters (IBT)
4/17/2021,4/30/2021, New River Valley Plant - Volvo Trucks, United Auto Workers (UAW)
4/16/2021,4/18/2021, Barton Memorial Hospital, California Nurses Association - NNU
4/16/2021,4/16/2021,NA, Minneapolis Regional Labor Federation
4/16/2021,4/16/2021,NA, United Brotherhood of Carpenters and Joiners of America
4/16/2021,4/16/2021,NA, AFSCME
4/15/2021,4/15/2021, Ziff Davis, The NewsGuild - CWA
4/15/2021,4/15/2021, Northern Michigan University, American Association of University Professors (AAUP)
4/14/2021,4/14/2021,NA, Huntington County Teachers Association
4/14/2021,4/14/2021, PCC Community Markets, United Food and Commercial Workers (UFCW)
4/14/2021,4/14/2021,NA, St. Paul Regional Labor Federation
4/14/2021,4/14/2021, Chicago Public Schools, American Federation of Teachers (AFT)
4/14/2021,4/14/2021, Sunnyview Nursing Home and Rehabilitation Center, Service Employees International Union (SEIU)
4/13/2021,4/13/2021, KIRCHHOFF Automotive, United Auto Workers (UAW)
4/13/2021,4/13/2021, Capital Area Transportation Authority (CATA), Amalgamated Transit Union
4/13/2021,4/13/2021,NA, The SWEAT Coalition
4/13/2021,4/13/2021,NA, The SWEAT Coalition
4/12/2021,4/15/2021, Universal Logistics Holdings, Teamsters (IBT); International Longshore and Warehouse Union (ILWU)
4/12/2021,4/15/2021, Universal Logistics Holdings, Teamsters (IBT); International Longshore and Warehouse Union (ILWU)
4/12/2021,4/12/2021, East Baton Rouge Parish Public Schools, Louisiana Association of Educators - NEA
4/12/2021,4/12/2021, East Baton Rouge Parish Public Schools, Louisiana Association of Educators - NEA
4/12/2021,4/12/2021, East Baton Rouge Parish Public Schools, Louisiana Association of Educators - NEA
4/12/2021,4/12/2021, East Baton Rouge Parish Public Schools, Louisiana Association of Educators - NEA
4/12/2021,4/12/2021, East Baton Rouge Parish Public Schools, Louisiana Association of Educators - NEA
4/12/2021,4/24/2021, Unifi Service,NA
4/11/2021,4/11/2021, Wendy's, Coalition of Immokalee Workers
4/10/2021,4/10/2021, Midstate Medical Center - Hartford Health, National Union of Healthcare and Hospital Employees - AFSCME
4/10/2021,4/10/2021, PeaceHealth Southwest Medical Center, Washington State Nurses Association
4/10/2021,4/10/2021, PeaceHealth Southwest Medical Center, Washington State Nurses Association
4/9/2021,4/9/2021, Providence Little Company of Mary Medical Center, California Nurses Association - NNU
4/9/2021,4/9/2021, Worldwide Industries Corp., International Union of Painters and Allied Trades (IUPAT)
4/8/2021,4/8/2021,NA, Service Employees International Union (SEIU)
4/8/2021,4/8/2021, Smithfield Foods, United Food and Commercial Workers (UFCW)
4/8/2021,4/8/2021,NA, Immigrant Alliance for Justice and Equity
4/8/2021,4/8/2021, Quality Food Centers (QFC), United Food and Commercial Workers (UFCW)
4/8/2021,4/8/2021, Food 4 Less - Kroger," United Food and Commercial Workers (UFCW), Food Chain Workers Alliance"
4/7/2021,4/7/2021, Amazon, Amazonians United
4/7/2021,4/7/2021, Abbot Northwestern Hospital - Allina Health , Service Employees International Union (SEIU)
4/7/2021,4/7/2021, Portland Public Schools, Service Employees International Union (SEIU)
4/7/2021,4/7/2021,NA, Vermont Workers' Center
4/7/2021,4/7/2021, United Airlines, UNITE HERE
4/7/2021,4/7/2021, United Airlines, UNITE HERE
4/7/2021,4/7/2021, United Airlines, UNITE HERE
4/7/2021,4/7/2021, United Airlines, UNITE HERE
4/7/2021,4/7/2021, Four Points Sheraton LAX, UNITE HERE
4/6/2021,0,NA, Make the Road New Jersey
4/6/2021,4/6/2021, HCA Regional Medical Center,  California Nurses Association - NNU
4/6/2021,4/7/2021, Memnon Archiving Services, Communication Workers of America (CWA)
4/5/2021,4/5/2021,NA, Fund Excluded Workers Coalition
4/5/2021,4/10/2021, New York University, EG TAs for Fairer Pay
4/4/2021,4/4/2021, Amazon,NA
4/3/2021,4/3/2021, The Baltimore Sun, The Washington-Baltimore News Guild - CWA
4/3/2021,4/3/2021, Ralphs - Kroger," Union del Barrio, United Workers Assembly, United Food and Commercial Workers (UFCW)"
4/2/2021,4/2/2021," Uber, Lyft", International Association of Machinists (IAM)
4/1/2021,4/1/2021, Mercy Medical Center - Trinity Health, Massachusetts Nurses Association
4/1/2021,0, Warrior Met Coal, United Mine Workers of America (UMWA)
4/1/2021,4/1/2021, United States Postal Service Charlotte, American Postal Workers Union (APWU)
4/1/2021,4/1/2021, Invicta Defense, International Brotherhood of Electrical Workers (IBEW)
3/31/2021,3/31/2021, Easterseals," American Federation of State, County and Municipal Employees (AFSCME)"
3/31/2021,3/31/2021, The Dill Pickle Food Co-op, Industrial Workers of the World (IWW)
3/31/2021,3/31/2021, Dandelion Chocolate , International Longshore and Warehouse Union (ILWU)
3/31/2021,3/31/2021, Dandelion Chocolate , International Longshore and Warehouse Union (ILWU)
3/31/2021,3/31/2021,NA, The Coalition to Respect and Defend Hawaii’s Workers
3/31/2021,3/31/2021,NA, CASA
3/30/2021,7/18/2021, Allegheny Technologies, United Steelworkers (USW)
3/30/2021,7/18/2021, Allegheny Technologies, United Steelworkers (USW)
3/30/2021,7/18/2021, Allegheny Technologies, United Steelworkers (USW)
3/30/2021,7/18/2021, Allegheny Technologies, United Steelworkers (USW)
3/30/2021,7/18/2021, Allegheny Technologies, United Steelworkers (USW)
3/30/2021,7/18/2021, Allegheny Technologies, United Steelworkers (USW)
3/30/2021,7/18/2021, Allegheny Technologies, United Steelworkers (USW)
3/30/2021,7/18/2021, Allegheny Technologies, United Steelworkers (USW)
3/30/2021,7/18/2021, Allegheny Technologies, United Steelworkers (USW)
3/30/2021,3/30/2021, Eastern Illinois University," American Federation of State, County and Municipal Employees (AFSCME)"
3/30/2021,3/30/2021, Franklin High School - Seattle Public Schools, Washington Education Association - NEA
3/30/2021,3/31/2021, Metro Transit, Amalgamated Transit Workers Union (ATU)
3/30/2021,4/3/2021, Government of Vermont, Vermont-NEA; Vermont State Employees' Association
3/30/2021,4/3/2021, Government of Vermont, Vermont-NEA; Vermont State Employees' Association
3/30/2021,4/3/2021, Government of Vermont, Vermont-NEA; Vermont State Employees' Association
3/30/2021,4/3/2021, Government of Vermont, Vermont-NEA; Vermont State Employees' Association
3/29/2021,3/29/2021,NA, Workers Justice Project - Liberty Cleaners
3/28/2021,3/28/2021, Chattanooga Area Regional Transportation Authority (CARTA), Amalgamated Transit Union (ATU)
3/27/2021,3/27/2021, Condé Nast, The News Guild of New York - CWA
3/27/2021,0, Prysmian Group, United Auto Workers (UAW)
3/26/2021,3/26/2021, Amazon, RWDSU - UFCW
3/26/2021,4/15/2021, Fort Wayne Philharmonic, Fort Wayne Philharmonic Players’ Association - AFM
3/26/2021,4/15/2021, Fort Wayne Philharmonic, Fort Wayne Philharmonic Players’ Association - AFM
3/26/2021,4/15/2021, Fort Wayne Philharmonic, Fort Wayne Philharmonic Players’ Association - AFM
3/26/2021,3/26/2021,NA, Service Employees International Union (SEIU)
3/26/2021,3/26/2021,NA, Service Employees International Union (SEIU)
3/26/2021,3/26/2021,NA, Service Employees International Union (SEIU)
3/26/2021,3/26/2021,NA, Service Employees International Union (SEIU)
3/26/2021,3/26/2021,NA, Service Employees International Union (SEIU)
3/25/2021,3/25/2021, Illinois State University, Service Employees International Union (SEIU)
3/24/2021,0, Three Corners - Circa Resort & Casino, Teamsters (IBT)
3/24/2021,3/27/2021, San Francisco Maintenance Contractors Association, Service Employees International Union (SEIU)
3/24/2021,4/5/2021, ITV America - ITV Studios, Writers Guild of America East (WGAE)
3/24/2021,3/24/2021,NA, Asian Pacific American Labor Alliance (APALA)
3/23/2021,3/23/2021, New York University, United Auto Workers (UAW)
3/22/2021,3/2/2021," Greenwich, CT", Teamsters (IBT)
3/22/2021,5/12/2021, Frito-Lay - PepsiCo," Bakery, Confectionery, Tobacco Workers and Grain Millers' International Union (BCTGM)"
3/22/2021,3/22/2021, Amazon, RWDSU - UFCW; Poor People's Campaign
3/22/2021,4/7/2021, Bradken, United Steelworkers (USW)
3/20/2021,3/20/2021, Pennsylvania State System of Higher Education," American Federation of State, County and Municipal Employees (AFSCME)"
3/20/2021,3/20/2021, Amazon,NA
3/20/2021,3/20/2021, Amazon,NA
3/20/2021,3/20/2021, Amazon,NA
3/20/2021,3/20/2021, Amazon,NA
3/20/2021,3/20/2021, Amazon,NA
3/20/2021,3/20/2021, Amazon,NA
3/20/2021,3/20/2021, Amazon,NA
3/20/2021,3/20/2021, Amazon,NA
3/20/2021,3/20/2021, Amazon,NA
3/20/2021,3/20/2021, Amazon,NA
3/20/2021,3/20/2021, Amazon,NA
3/20/2021,3/20/2021, Amazon,NA
3/20/2021,3/20/2021, Amazon,NA
3/20/2021,3/20/2021, Amazon,NA
3/20/2021,3/20/2021, Amazon,NA
3/20/2021,3/20/2021, Amazon,NA
3/20/2021,3/20/2021, Amazon,NA
3/20/2021,3/20/2021, Amazon,NA
3/20/2021,3/20/2021, Amazon,NA
3/20/2021,3/20/2021, Amazon,NA
3/20/2021,3/20/2021, Amazon,NA
3/20/2021,3/20/2021, Amazon,NA
3/20/2021,3/20/2021, Amazon,NA
3/20/2021,3/20/2021, Amazon,NA
3/20/2021,3/20/2021, Amazon,NA
3/20/2021,3/20/2021, Amazon,NA
3/20/2021,3/20/2021, Amazon,NA
3/20/2021,3/20/2021, Amazon,NA
3/20/2021,3/20/2021, Amazon,NA
3/20/2021,3/20/2021, Amazon,NA
3/20/2021,3/20/2021, Amazon,NA
3/20/2021,3/20/2021, Amazon,NA
3/20/2021,3/20/2021, Amazon,NA
3/20/2021,3/20/2021, Amazon,NA
3/20/2021,3/20/2021, Amazon,NA
3/20/2021,3/20/2021, Amazon,NA
3/20/2021,3/20/2021, Amazon,NA
3/20/2021,3/20/2021, Amazon,NA
3/20/2021,3/20/2021, Amazon,NA
3/20/2021,3/20/2021, Amazon,NA
3/20/2021,3/20/2021, Amazon,NA
3/20/2021,3/20/2021, Amazon,NA
3/20/2021,3/20/2021, Amazon,NA
3/20/2021,3/20/2021, Amazon,NA
3/20/2021,3/20/2021, Amazon,NA
3/20/2021,3/20/2021, Amazon,NA
3/20/2021,3/20/2021, Amazon,NA
3/20/2021,3/20/2021, Amazon,NA
3/20/2021,3/20/2021, Amazon,NA
3/20/2021,3/20/2021, Amazon,NA
3/19/2021,0, American Beauty - American Gonzo Food Corp,NA
3/17/2021,3/17/2021, HCA Healthcare, Service Employees International Union (SEIU)
3/17/2021,3/17/2021, Cobblestone Hotel & Suites, Northern Wisconsin Building and Construction Trades
3/17/2021,3/17/2021, Oakland Unified School District, California Teachers Association - NEA
3/17/2021,3/17/2021, Blue Circle Rehab and Nursing, Service Employees International Union (SEIU)
3/17/2021,3/17/2021,NA, International Alliance of Theatrical Stage Employees (IATSE)
3/16/2021,3/16/2021, Fortune Magazine, The NewsGuild of New York - CWA
3/16/2021,3/16/2021, Kenyon College, Kenyon Student Worker Organizing Committee (K-SWOC)
3/16/2021,3/17/2021, MultiCare Indigo Urgent Care, Union of American Physicians and Dentists - AFSCME
3/16/2021,3/17/2021, MultiCare Indigo Urgent Care, Union of American Physicians and Dentists - AFSCME
3/16/2021,3/23/2021,NA, Fund Excluded Workers Coalition
3/16/2021,3/16/2021, Tyler Memorial Hospital - Commonwealth Health, Service Employees International Union (SEIU)
3/16/2021,4/7/2021,NA, National Day Laborer Organizing Network; Make the Road NY
3/16/2021,4/7/2021,NA, National Day Laborer Organizing Network; Make the Road NY
3/15/2021,3/15/2021, Spotify, Union of Musicians and Allied Workers (UMAW)
3/15/2021,3/15/2021, Spotify, Union of Musicians and Allied Workers (UMAW)
3/15/2021,3/15/2021, Spotify, Union of Musicians and Allied Workers (UMAW)
3/15/2021,3/15/2021, Spotify, Union of Musicians and Allied Workers (UMAW)
3/15/2021,3/15/2021, Spotify, Union of Musicians and Allied Workers (UMAW)
3/15/2021,3/15/2021, Spotify, Union of Musicians and Allied Workers (UMAW)
3/15/2021,3/30/2021, Coca-Cola Northeast, Teamsters (IBT)
3/15/2021,5/13/2021, Columbia University, Graduate Workers of Columbia - UAW
3/13/2021,3/13/2021, St. Vincent Hospital - Tenet Healthcare, United Food and Commercial Workers (UFCW)
3/13/2021,3/13/2021, Amazon, Black Lives Matter (BLM)
3/13/2021,3/13/2021,NA, Kansas March
3/12/2021,3/12/2021, University of Tennessee Health Science Center, United Campus Workers - CWA
3/12/2021,3/12/2021, Diplomat Beach Resort - Brookfield Properties, UNITE HERE
3/11/2021,4/2/2021, 7UP- Keurig Dr Pepper, Teamsters (IBT)
3/11/2021,3/11/2021, Prince George County Public Schools, National Education Association
3/11/2021,3/11/2021, Indiana University, United Electrical Workers (UE)
3/10/2021,3/10/2021,NA, Mon Valley Unemployed Committee; Pittsburgh Restaurant Workers Aid Group; Philadelphia Unemployment Project
3/10/2021,3/10/2021,NA, Mon Valley Unemployed Committee; Pittsburgh Restaurant Workers Aid Group; Philadelphia Unemployment Project
3/10/2021,3/10/2021, St. James Oil Company, Teamsters (IBT)
3/9/2021,3/9/2021, Transdev, Boston School Bus Drivers - USW
3/8/2021,0, St. Vincent Hospital - Tenet Healthcare, Massachusetts Nurses Association
3/8/2021,3/8/2021,NA, Oregon AFL-CIO
3/8/2021,3/9/2021, CTtransit, Amalgamated Transit Union (ATU)
3/8/2021,3/8/2021, College Street Music Hall, International Alliance of Theatrical Stage Employees (IATSE)
3/8/2021,3/8/2021,NA," Restaurant Organizing Project, Emergency Workplace Organizing Committee, Texas Amplified Sound Coalition"
3/8/2021,3/8/2021, San Francisco Maintenance Contractors Association, Service Employees International Union (SEIU)
3/7/2021,3/7/2021, St. Vincent Hospital - Tenet Healthcare, Massachusetts Nurses Association
3/5/2021,3/5/2021,NA, National Labor Day Organizing Network; Make the Road NY; New York Taxi Workers Alliance
3/5/2021,3/5/2021,NA, National Labor Day Organizing Network; Make the Road NY; New York Taxi Workers Alliance
3/4/2021,3/14/2021, St. Charles Medical Center - Bend, American Federation of Teachers (AFT)
3/4/2021,3/11/2021, Bourbonnais Elementary School District 53, Illinois Education Association - NEA
3/4/2021,3/11/2021, Bourbonnais Elementary School District 53, Illinois Education Association - NEA
3/4/2021,3/11/2021, Bourbonnais Elementary School District 53, Illinois Education Association - NEA
3/4/2021,3/11/2021, Bourbonnais Elementary School District 53, Illinois Education Association - NEA
3/4/2021,3/11/2021, Bourbonnais Elementary School District 53, Illinois Education Association - NEA
3/4/2021,3/11/2021, Bourbonnais Elementary School District 53, Illinois Education Association - NEA
3/4/2021,3/4/2021, Uber; Lyft, Boston Independent Drivers Guild (BIDG)
3/3/2021,3/3/2021, Mt. Vernon Public Works Department, Teamsters (IBT)
3/2/2021,3/2/2021,NA, Service Employees International Union (SEIU)
3/1/2021,3/1/2021, Amazon, Merrimack Valley Construction and Building Trades Council
3/1/2021,4/23/2021, Valvoline St. Louis , Teamsters (IBT)
3/1/2021,3/1/2021, Strand Bookstore, United Auto Workers (UAW)
2/26/2021,2/26/2021, University of Massachusetts Amherst, UMass Amherst Unions United
2/26/2021,2/26/2021, William & Mary, The William & Mary Workers' Union - UE
2/26/2021,2/26/2021,NA, Kansas March
2/26/2021,2/26/2021,NA, Kansas March
2/25/2021,2/25/2021, Columbia University, Graduate Workers of Columbia - UAW
2/24/2021,2/24/2021, Tacoma Public Schools, Tacoma Education Association-Washington Education Association-NEA
2/24/2021,2/24/2021, Erie County Medical Center, New York State Nurses Association (NYSNA)
2/24/2021,2/24/2021,NA, Hawaii Workers Center; UNITE HERE
2/23/2021,2/23/2021, Kalispell Regional Healthcare, Service Employees International Union (SEIU)
2/23/2021,2/24/2021,NA, Kentucky Unemployment Help Us Help You
2/20/2021,3/14/2021, McKesson Pharmaceutical , United Food and Commercial Workers (UFCW)
2/19/2021,2/19/2021,NA, Kansas March
2/18/2021,2/18/2021, Bourbonnais Elementary School District 53, Illinois Education Association - NEA
2/18/2021,2/18/2021, Newfane Rehabilitation and Health Center, Service Employees International Union (SEIU)
2/16/2021,3/2/2021, The Rawlin at Riverbend Memory Care, Service Employees International Union (SEIU)
2/16/2021,2/16/2021, Consulate Health Care of Kissimmee, Service Employees International Union (SEIU)
2/11/2021,2/12/2021, Burlingame Long Term Care," American Federation of State, County and Municipal Employees (AFSCME)"
2/11/2021,2/11/2021, Metropolitan Transit Authority, Transport Workers Union of America (TWU)
2/11/2021,2/12/2021, SFM Janitorial Services, Service Employees International Union (SEIU)
2/9/2021,2/9/2021, Mobilization for Justice, United Auto Workers (UAW)
2/8/2021,2/8/2021, Ithaca College, Open the Books Coalition
2/8/2021,2/8/2021,NA, One Fair Wage; Poor People's Campaign
2/8/2021,2/8/2021,NA, One Fair Wage; Poor People's Campaign
2/8/2021,2/8/2021,NA, DOES COLORADO CARE? Unemployment Support
2/8/2021,2/8/2021, The School District of Philadelphia, American Federation of Teachers (AFT)
2/7/2021,2/7/2021, Frontier Communications, International Brotherhood of Electrical Workers (IBEW)
2/5/2021,2/5/2021, Illinois State University, Service Employees International Union (SEIU)
2/5/2021,3/1/2021, South Whitehall Township, Teamsters (IBT)
2/4/2021,2/4/2021, Building Zone Industries, Ironworkers; International Union of Operating Engineers (IUOE)
2/3/2021,2/3/2021, Albuquerque Public School, American Federation of Teachers (AFT)
2/1/2021,2/7/2021, Keystone Oaks School District, Pennsylvania State Education Association - NEA
2/1/2021,2/7/2021, Keystone Oaks School District, Pennsylvania State Education Association - NEA
2/1/2021,2/7/2021, Keystone Oaks School District, Pennsylvania State Education Association - NEA
2/1/2021,2/7/2021, Keystone Oaks School District, Pennsylvania State Education Association - NEA
2/1/2021,2/7/2021, Keystone Oaks School District, Pennsylvania State Education Association - NEA
1/26/2021,1/26/2021, Bourbonnais Elementary School District 53, Illinois Education Association - NEA
1/25/2021,2/11/2021, Chicago Public Schools, American Federation of Teachers (AFT)
1/21/2021,1/21/2021, Condé Nast DBA The New Yorker, The NewsGuild of New York - CWA
1/21/2021,1/30/2021, Borgers USA, Service Employees International Union (SEIU)
1/21/2021,1/21/2021, Marathon Petroleum, Teamsters (IBT)
1/19/2021,1/25/2021, Bellevue School District, Washington Education Association - NEA
1/18/2021,1/18/2021, Chicago Public Schools, American Federation of Teachers (AFT)
1/18/2021,1/18/2021, Bear Mountain DBA Carvalho Grove Health and Rehabilitation Center, Service Employees International Union (SEIU)
1/17/2021,1/23/2021, Hunts Point Terminal Market, Teamsters (IBT)
1/16/2021,1/16/2021, Vail Resorts, United Professional Ski Patrols of America - CWA
1/16/2021,1/16/2021, Vail Resorts, United Professional Ski Patrols of America - CWA
1/15/2021,1/15/2021, McDonald's; Burger King, Fight For 15 - SEIU
1/15/2021,1/15/2021, McDonald's; Burger King, Fight For 15 - SEIU
1/15/2021,1/15/2021, McDonald's; Burger King, Fight For 15 - SEIU
1/15/2021,1/15/2021, McDonald's; Burger King, Fight For 15 - SEIU
1/15/2021,1/15/2021, McDonald's; Burger King, Fight For 15 - SEIU
1/15/2021,1/15/2021, McDonald's; Burger King, Fight For 15 - SEIU
1/15/2021,1/15/2021, McDonald's; Burger King, Fight For 15 - SEIU
1/15/2021,1/15/2021, McDonald's; Burger King, Fight For 15 - SEIU
1/15/2021,1/15/2021, McDonald's; Burger King, Fight For 15 - SEIU
1/15/2021,1/15/2021, McDonald's; Burger King, Fight For 15 - SEIU
1/15/2021,1/15/2021, McDonald's; Burger King, Fight For 15 - SEIU
1/15/2021,1/15/2021, McDonald's; Burger King, Fight For 15 - SEIU
1/15/2021,1/15/2021, McDonald's; Burger King, Fight For 15 - SEIU
1/15/2021,1/15/2021, McDonald's; Burger King, Fight For 15 - SEIU
1/15/2021,1/15/2021, McDonald's; Burger King, Fight For 15 - SEIU
1/11/2021,1/11/2021, Peoria Unified School District, West Valley Alliance Teachers Union
1/6/2021,1/6/2021, St. Vincent Hospital - Tenet Healthcare, Massachusetts Nurses Association
1/4/2021,1/4/2021, Albertsons, Teamsters (IBT)
1/4/2021,1/4/2021, Albertsons, Teamsters (IBT)
1/1/2021,1/31/2021, Alabama Department of Corrections - Kilby Correctional Facility, Free Alabama Movement
